timestamp,level,module,message,request_id
2026-01-02T17:6:54Z,info,FileStorage,Cache updated,req_922124017
2026-01-02T17:16:50Z,info,MessageQueue,Health check passed,req_823330371
2026-01-02T17:48:17Z,info,AuthService,User logged in,req_68379237
2026-01-02T17:27:24Z,info,APIGateway,Cache updated,req_320853016
2026-01-02T17:49:50Z,info,APIGateway,User logged in,req_203430223
2026-01-02T17:30:26Z,info,NotificationService,Health check passed,req_2305511497
2026-01-02T17:47:48Z,info,FileStorage,Request processed successfully,req_3134717360
2026-01-02T17:3:15Z,info,APIGateway,User logged in,req_2296021399
2026-01-02T17:19:41Z,info,APIGateway,Cache updated,req_1798419422
2026-01-02T17:37:13Z,error,APIGateway,Failed to authenticate user,req_1573617524
2026-01-02T17:39:37Z,info,FileStorage,Cache updated,req_249757652
2026-01-02T17:59:57Z,debug,AuthService,Request processed successfully,req_2374222271
2026-01-02T17:14:39Z,info,Scheduler,Metrics collected,req_948617833
2026-01-02T17:4:33Z,debug,FileStorage,Cache updated,req_289116317
2026-01-02T17:30:33Z,debug,APIGateway,Data synchronized,req_92257815
2026-01-02T17:54:15Z,debug,MessageQueue,Metrics collected,req_1123813832
2026-01-02T17:15:25Z,info,NotificationService,Data synchronized,req_2726918052
2026-01-02T17:41:50Z,info,Scheduler,Job completed,req_2812624772
2026-01-02T17:40:35Z,warning,FileStorage,Deprecated API called,req_2952316567
2026-01-02T17:59:19Z,info,AuthService,User logged in,req_181212516
2026-01-02T17:58:10Z,debug,Scheduler,Data synchronized,req_143616797
2026-01-02T17:24:13Z,info,DatabasePool,Request processed successfully,req_206889803
2026-01-02T17:12:37Z,info,MessageQueue,Data synchronized,req_208563216
2026-01-02T17:10:53Z,warning,CacheManager,Cache miss rate increasing,req_1341923447
2026-01-02T17:40:13Z,info,AuthService,Data synchronized,req_117826738
2026-01-02T17:23:41Z,info,AuthService,Request processed successfully,req_321483806
2026-01-02T17:1:12Z,debug,APIGateway,Job completed,req_716812892
2026-01-02T17:5:58Z,info,FileStorage,Request processed successfully,req_88878536
2026-01-02T17:9:8Z,info,CacheManager,Cache updated,req_2390110178
2026-01-02T17:41:48Z,info,AuthService,Health check passed,req_43029624
2026-01-02T17:11:3Z,info,MessageQueue,Cache updated,req_475222125
2026-01-02T17:1:37Z,info,DatabasePool,Job completed,req_1399031671
2026-01-02T17:24:20Z,info,FileStorage,Job completed,req_1929426435
2026-01-02T17:53:24Z,info,DatabasePool,Request processed successfully,req_72647334
2026-01-02T17:29:33Z,error,DatabasePool,Resource not found,req_3208325004
2026-01-02T17:29:12Z,warning,MessageQueue,Cache miss rate increasing,req_30389382
2026-01-02T17:1:7Z,info,NotificationService,Metrics collected,req_1829016407
2026-01-02T17:31:1Z,info,FileStorage,User logged in,req_262631112
2026-01-02T17:44:54Z,warning,NotificationService,Certificate expiring soon,req_2229827375
2026-01-02T17:44:0Z,info,FileStorage,Data synchronized,req_253812631
2026-01-02T17:9:46Z,info,CacheManager,Configuration reloaded,req_238877677
2026-01-02T17:46:34Z,info,APIGateway,Cache updated,req_51395916
2026-01-02T17:28:18Z,info,FileStorage,Data synchronized,req_80043340
2026-01-02T17:47:52Z,warning,NotificationService,Cache miss rate increasing,req_156857216
2026-01-02T17:36:23Z,info,AuthService,Metrics collected,req_2530032585
2026-01-02T17:48:50Z,debug,MessageQueue,Job completed,req_25458347
2026-01-02T17:39:16Z,info,Scheduler,Cache updated,req_1417315792
2026-01-02T17:10:24Z,info,FileStorage,Request processed successfully,req_101321344
2026-01-02T17:54:7Z,debug,AuthService,Health check passed,req_2176718323
2026-01-02T17:57:58Z,debug,DatabasePool,Cache updated,req_1204428384
2026-01-02T17:16:36Z,info,NotificationService,Data synchronized,req_2880730959
2026-01-02T17:51:58Z,info,DatabasePool,Request processed successfully,req_980516007
2026-01-02T17:27:49Z,info,Scheduler,Request processed successfully,req_2428522832
2026-01-02T17:14:16Z,debug,Scheduler,Cache updated,req_2673923595
2026-01-02T17:14:27Z,debug,CacheManager,Cache updated,req_1141821914
2026-01-02T17:0:54Z,info,FileStorage,Request processed successfully,req_497915672
2026-01-02T17:7:14Z,warning,AuthService,Disk space low,req_1989926979
2026-01-02T17:27:19Z,debug,DatabasePool,Request processed successfully,req_201463240
2026-01-02T17:26:39Z,info,NotificationService,User logged in,req_1409222098
2026-01-02T17:28:53Z,info,Scheduler,Job completed,req_252414424
2026-01-02T17:9:39Z,warning,AuthService,Disk space low,req_3065417234
2026-01-02T17:12:58Z,info,CacheManager,Data synchronized,req_3113930063
2026-01-02T17:22:59Z,info,APIGateway,Metrics collected,req_147362911
2026-01-02T17:43:42Z,info,CacheManager,Configuration reloaded,req_26811858
2026-01-02T17:57:51Z,debug,APIGateway,Configuration reloaded,req_2245928089
2026-01-02T17:6:30Z,info,NotificationService,Health check passed,req_1279821963
2026-01-02T17:19:57Z,warning,MessageQueue,Disk space low,req_2879922847
2026-01-02T17:30:51Z,info,FileStorage,Cache updated,req_1912019633
2026-01-02T17:57:49Z,warning,Scheduler,Cache miss rate increasing,req_2535026463
2026-01-02T17:52:2Z,info,AuthService,Job completed,req_10799379
2026-01-02T17:11:10Z,info,NotificationService,Health check passed,req_76130718
